{"cameraMode":{"drawMode":0,"name":"Shaded","section":"Shading Mode"},"sceneLighting":false,"audioPlay":false,"sceneViewState":{"m_AlwaysRefresh":false,"showFog":true,"showSkybox":false,"showFlares":true,"showImageEffects":true,"showParticleSystems":true,"showVisualEffectGraphs":true,"m_FxEnabled":true},"in2DMode":false,"pivot":{"x":-0.5543994903564453,"y":0.6069546937942505,"z":0.5700035095214844},"rotation":{"x":0.1348828226327896,"y":0.014857947826385498,"z":-0.002023644046857953,"w":0.9907522201538086},"size":4.018468379974365,"orthographic":false}