{"cameraMode":{"drawMode":0,"name":"Shaded","section":"Shading Mode"},"sceneLighting":true,"audioPlay":false,"sceneViewState":{"m_AlwaysRefresh":false,"showFog":true,"showSkybox":true,"showFlares":true,"showImageEffects":true,"showParticleSystems":true,"showVisualEffectGraphs":true,"m_FxEnabled":true},"in2DMode":false,"pivot":{"x":0.22012120485305787,"y":1.8222424983978272,"z":-1.6294567584991456},"rotation":{"x":0.19232046604156495,"y":-0.052966468036174777,"z":0.010398857295513153,"w":0.9798600673675537},"size":3.339867115020752,"orthographic":false}